Región,Comuna,Enlace de Descarga
XV - Arica y Parinacota,Arica,https://cdn.servel.cl/Padron_Definitivo2025/Region_15/A15101.pdf
XV - Arica y Parinacota,Camarones,https://cdn.servel.cl/Padron_Definitivo2025/Region_15/A15102.pdf
XV - Arica y Parinacota,General Lagos,https://cdn.servel.cl/Padron_Definitivo2025/Region_15/A15202.pdf
XV - Arica y Parinacota,Putre,https://cdn.servel.cl/Padron_Definitivo2025/Region_15/A15201.pdf
I - Tarapacá,Alto Hospicio,https://cdn.servel.cl/Padron_Definitivo2025/Region_01/A01107.pdf
I - Tarapacá,Camiña,https://cdn.servel.cl/Padron_Definitivo2025/Region_01/A01402.pdf
I - Tarapacá,Colchane,https://cdn.servel.cl/Padron_Definitivo2025/Region_01/A01403.pdf
I - Tarapacá,Huara,https://cdn.servel.cl/Padron_Definitivo2025/Region_01/A01404.pdf
I - Tarapacá,Iquique,https://cdn.servel.cl/Padron_Definitivo2025/Region_01/A01101.pdf
I - Tarapacá,Pica,https://cdn.servel.cl/Padron_Definitivo2025/Region_01/A01405.pdf
I - Tarapacá,Pozo Almonte,https://cdn.servel.cl/Padron_Definitivo2025/Region_01/A01401.pdf
II - Antofagasta,Antofagasta,https://cdn.servel.cl/Padron_Definitivo2025/Region_02/A02101.pdf
II - Antofagasta,Calama,https://cdn.servel.cl/Padron_Definitivo2025/Region_02/A02201.pdf
II - Antofagasta,María Elena,https://cdn.servel.cl/Padron_Definitivo2025/Region_02/A02302.pdf
II - Antofagasta,Mejillones,https://cdn.servel.cl/Padron_Definitivo2025/Region_02/A02102.pdf
II - Antofagasta,Ollagüe,https://cdn.servel.cl/Padron_Definitivo2025/Region_02/A02202.pdf
II - Antofagasta,San Pedro de Atacama,https://cdn.servel.cl/Padron_Definitivo2025/Region_02/A02203.pdf
II - Antofagasta,Sierra Gorda,https://cdn.servel.cl/Padron_Definitivo2025/Region_02/A02103.pdf
II - Antofagasta,Taltal,https://cdn.servel.cl/Padron_Definitivo2025/Region_02/A02104.pdf
II - Antofagasta,Tocopilla,https://cdn.servel.cl/Padron_Definitivo2025/Region_02/A02301.pdf
III - Atacama,Alto del Carmen,https://cdn.servel.cl/Padron_Definitivo2025/Region_03/A03302.pdf
III - Atacama,Caldera,https://cdn.servel.cl/Padron_Definitivo2025/Region_03/A03102.pdf
III - Atacama,Chañaral,https://cdn.servel.cl/Padron_Definitivo2025/Region_03/A03201.pdf
III - Atacama,Copiapó,https://cdn.servel.cl/Padron_Definitivo2025/Region_03/A03101.pdf
III - Atacama,Diego de Almagro,https://cdn.servel.cl/Padron_Definitivo2025/Region_03/A03202.pdf
III - Atacama,Freirina,https://cdn.servel.cl/Padron_Definitivo2025/Region_03/A03303.pdf
III - Atacama,Huasco,https://cdn.servel.cl/Padron_Definitivo2025/Region_03/A03304.pdf
III - Atacama,Tierra Amarilla,https://cdn.servel.cl/Padron_Definitivo2025/Region_03/A03103.pdf
III - Atacama,Vallenar,https://cdn.servel.cl/Padron_Definitivo2025/Region_03/A03301.pdf
IV - Coquimbo,Andacollo,https://cdn.servel.cl/Padron_Definitivo2025/Region_04/A04103.pdf
IV - Coquimbo,Canela,https://cdn.servel.cl/Padron_Definitivo2025/Region_04/A04202.pdf
IV - Coquimbo,Combarbalá,https://cdn.servel.cl/Padron_Definitivo2025/Region_04/A04302.pdf
IV - Coquimbo,Coquimbo,https://cdn.servel.cl/Padron_Definitivo2025/Region_04/A04102.pdf
IV - Coquimbo,Illapel,https://cdn.servel.cl/Padron_Definitivo2025/Region_04/A04201.pdf
IV - Coquimbo,La Higuera,https://cdn.servel.cl/Padron_Definitivo2025/Region_04/A04104.pdf
IV - Coquimbo,La Serena,https://cdn.servel.cl/Padron_Definitivo2025/Region_04/A04101.pdf
IV - Coquimbo,Los Vilos,https://cdn.servel.cl/Padron_Definitivo2025/Region_04/A04203.pdf
IV - Coquimbo,Monte Patria,https://cdn.servel.cl/Padron_Definitivo2025/Region_04/A04303.pdf
IV - Coquimbo,Ovalle,https://cdn.servel.cl/Padron_Definitivo2025/Region_04/A04301.pdf
IV - Coquimbo,Paihuano,https://cdn.servel.cl/Padron_Definitivo2025/Region_04/A04105.pdf
IV - Coquimbo,Punitaqui,https://cdn.servel.cl/Padron_Definitivo2025/Region_04/A04304.pdf
IV - Coquimbo,Río Hurtado,https://cdn.servel.cl/Padron_Definitivo2025/Region_04/A04305.pdf
IV - Coquimbo,Salamanca,https://cdn.servel.cl/Padron_Definitivo2025/Region_04/A04204.pdf
IV - Coquimbo,Vicuña,https://cdn.servel.cl/Padron_Definitivo2025/Region_04/A04106.pdf
V - Valparaíso,Algarrobo,https://cdn.servel.cl/Padron_Definitivo2025/Region_05/A05602.pdf
V - Valparaíso,Cabildo,https://cdn.servel.cl/Padron_Definitivo2025/Region_05/A05402.pdf
V - Valparaíso,La Calera,https://cdn.servel.cl/Padron_Definitivo2025/Region_05/A05502.pdf
V - Valparaíso,Calle Larga,https://cdn.servel.cl/Padron_Definitivo2025/Region_05/A05302.pdf
V - Valparaíso,Cartagena,https://cdn.servel.cl/Padron_Definitivo2025/Region_05/A05603.pdf
V - Valparaíso,Casablanca,https://cdn.servel.cl/Padron_Definitivo2025/Region_05/A05102.pdf
V - Valparaíso,Catemu,https://cdn.servel.cl/Padron_Definitivo2025/Region_05/A05702.pdf
V - Valparaíso,Concón,https://cdn.servel.cl/Padron_Definitivo2025/Region_05/A05103.pdf
V - Valparaíso,El Quisco,https://cdn.servel.cl/Padron_Definitivo2025/Region_05/A05604.pdf
V - Valparaíso,El Tabo,https://cdn.servel.cl/Padron_Definitivo2025/Region_05/A05605.pdf
V - Valparaíso,Hijuelas,https://cdn.servel.cl/Padron_Definitivo2025/Region_05/A05503.pdf
V - Valparaíso,Isla De Pascua,https://cdn.servel.cl/Padron_Definitivo2025/Region_05/A05201.pdf
V - Valparaíso,Juan Fernández,https://cdn.servel.cl/Padron_Definitivo2025/Region_05/A05104.pdf
V - Valparaíso,La Cruz,https://cdn.servel.cl/Padron_Definitivo2025/Region_05/A05504.pdf
V - Valparaíso,La Ligua,https://cdn.servel.cl/Padron_Definitivo2025/Region_05/A05401.pdf
V - Valparaíso,Limache,https://cdn.servel.cl/Padron_Definitivo2025/Region_05/A05802.pdf
V - Valparaíso,Llay-Llay,https://cdn.servel.cl/Padron_Definitivo2025/Region_05/A05703.pdf
V - Valparaíso,Los Andes,https://cdn.servel.cl/Padron_Definitivo2025/Region_05/A05301.pdf
V - Valparaíso,Nogales,https://cdn.servel.cl/Padron_Definitivo2025/Region_05/A05506.pdf
V - Valparaíso,Olmué,https://cdn.servel.cl/Padron_Definitivo2025/Region_05/A05803.pdf
V - Valparaíso,Panquehue,https://cdn.servel.cl/Padron_Definitivo2025/Region_05/A05704.pdf
V - Valparaíso,Papudo,https://cdn.servel.cl/Padron_Definitivo2025/Region_05/A05403.pdf
V - Valparaíso,Petorca,https://cdn.servel.cl/Padron_Definitivo2025/Region_05/A05404.pdf
V - Valparaíso,Puchuncaví,https://cdn.servel.cl/Padron_Definitivo2025/Region_05/A05105.pdf
V - Valparaíso,Putaendo,https://cdn.servel.cl/Padron_Definitivo2025/Region_05/A05705.pdf
V - Valparaíso,Quillota,https://cdn.servel.cl/Padron_Definitivo2025/Region_05/A05501.pdf
V - Valparaíso,Quilpué,https://cdn.servel.cl/Padron_Definitivo2025/Region_05/A05801.pdf
V - Valparaíso,Quintero,https://cdn.servel.cl/Padron_Definitivo2025/Region_05/A05107.pdf
V - Valparaíso,Rinconada,https://cdn.servel.cl/Padron_Definitivo2025/Region_05/A05303.pdf
V - Valparaíso,San Antonio,https://cdn.servel.cl/Padron_Definitivo2025/Region_05/A05601.pdf
V - Valparaíso,San Esteban,https://cdn.servel.cl/Padron_Definitivo2025/Region_05/A05304.pdf
V - Valparaíso,San Felipe,https://cdn.servel.cl/Padron_Definitivo2025/Region_05/A05701.pdf
V - Valparaíso,Santa María,https://cdn.servel.cl/Padron_Definitivo2025/Region_05/A05706.pdf
V - Valparaíso,Santo Domingo,https://cdn.servel.cl/Padron_Definitivo2025/Region_05/A05606.pdf
V - Valparaíso,Valparaíso,https://cdn.servel.cl/Padron_Definitivo2025/Region_05/A05101.pdf
V - Valparaíso,Villa Alemana,https://cdn.servel.cl/Padron_Definitivo2025/Region_05/A05804.pdf
V - Valparaíso,Viña Del Mar,https://cdn.servel.cl/Padron_Definitivo2025/Region_05/A05109.pdf
V - Valparaíso,Zapallar,https://cdn.servel.cl/Padron_Definitivo2025/Region_05/A05405.pdf
RM - Metropolitana de Santiago,Alhué,https://cdn.servel.cl/Padron_Definitivo2025/Region_13/A13502.pdf
RM - Metropolitana de Santiago,Buin,https://cdn.servel.cl/Padron_Definitivo2025/Region_13/A13402.pdf
RM - Metropolitana de Santiago,Calera De Tango,https://cdn.servel.cl/Padron_Definitivo2025/Region_13/A13403.pdf
RM - Metropolitana de Santiago,Cerrillos,https://cdn.servel.cl/Padron_Definitivo2025/Region_13/A13102.pdf
RM - Metropolitana de Santiago,Cerro Navia,https://cdn.servel.cl/Padron_Definitivo2025/Region_13/A13103.pdf
RM - Metropolitana de Santiago,Colina,https://cdn.servel.cl/Padron_Definitivo2025/Region_13/A13301.pdf
RM - Metropolitana de Santiago,Conchalí,https://cdn.servel.cl/Padron_Definitivo2025/Region_13/A13104.pdf
RM - Metropolitana de Santiago,Curacaví,https://cdn.servel.cl/Padron_Definitivo2025/Region_13/A13503.pdf
RM - Metropolitana de Santiago,El Bosque,https://cdn.servel.cl/Padron_Definitivo2025/Region_13/A13105.pdf
RM - Metropolitana de Santiago,El Monte,https://cdn.servel.cl/Padron_Definitivo2025/Region_13/A13602.pdf
RM - Metropolitana de Santiago,Estación Central,https://cdn.servel.cl/Padron_Definitivo2025/Region_13/A13106.pdf
RM - Metropolitana de Santiago,Huechuraba,https://cdn.servel.cl/Padron_Definitivo2025/Region_13/A13107.pdf
RM - Metropolitana de Santiago,Independencia,https://cdn.servel.cl/Padron_Definitivo2025/Region_13/A13108.pdf
RM - Metropolitana de Santiago,Isla De Maipo,https://cdn.servel.cl/Padron_Definitivo2025/Region_13/A13603.pdf
RM - Metropolitana de Santiago,La Cisterna,https://cdn.servel.cl/Padron_Definitivo2025/Region_13/A13109.pdf
RM - Metropolitana de Santiago,La Florida,https://cdn.servel.cl/Padron_Definitivo2025/Region_13/A13110.pdf
RM - Metropolitana de Santiago,La Granja,https://cdn.servel.cl/Padron_Definitivo2025/Region_13/A13111.pdf
RM - Metropolitana de Santiago,La Pintana,https://cdn.servel.cl/Padron_Definitivo2025/Region_13/A13112.pdf
RM - Metropolitana de Santiago,La Reina,https://cdn.servel.cl/Padron_Definitivo2025/Region_13/A13113.pdf
RM - Metropolitana de Santiago,Lampa,https://cdn.servel.cl/Padron_Definitivo2025/Region_13/A13302.pdf
RM - Metropolitana de Santiago,Las Condes,https://cdn.servel.cl/Padron_Definitivo2025/Region_13/A13114.pdf
RM - Metropolitana de Santiago,Lo Barnechea,https://cdn.servel.cl/Padron_Definitivo2025/Region_13/A13115.pdf
RM - Metropolitana de Santiago,Lo Espejo,https://cdn.servel.cl/Padron_Definitivo2025/Region_13/A13116.pdf
RM - Metropolitana de Santiago,Lo Prado,https://cdn.servel.cl/Padron_Definitivo2025/Region_13/A13117.pdf
RM - Metropolitana de Santiago,Macul,https://cdn.servel.cl/Padron_Definitivo2025/Region_13/A13118.pdf
RM - Metropolitana de Santiago,Maipú,https://cdn.servel.cl/Padron_Definitivo2025/Region_13/A13119.pdf
RM - Metropolitana de Santiago,Maria Pinto,https://cdn.servel.cl/Padron_Definitivo2025/Region_13/A13504.pdf
RM - Metropolitana de Santiago,Melipilla,https://cdn.servel.cl/Padron_Definitivo2025/Region_13/A13501.pdf
RM - Metropolitana de Santiago,Ñuñoa,https://cdn.servel.cl/Padron_Definitivo2025/Region_13/A13120.pdf
RM - Metropolitana de Santiago,Padre Hurtado,https://cdn.servel.cl/Padron_Definitivo2025/Region_13/A13604.pdf
RM - Metropolitana de Santiago,Paine,https://cdn.servel.cl/Padron_Definitivo2025/Region_13/A13404.pdf
RM - Metropolitana de Santiago,Pedro Aguirre Cerda,https://cdn.servel.cl/Padron_Definitivo2025/Region_13/A13121.pdf
RM - Metropolitana de Santiago,Peñaflor,https://cdn.servel.cl/Padron_Definitivo2025/Region_13/A13605.pdf
RM - Metropolitana de Santiago,Peñalolén,https://cdn.servel.cl/Padron_Definitivo2025/Region_13/A13122.pdf
RM - Metropolitana de Santiago,Pirque,https://cdn.servel.cl/Padron_Definitivo2025/Region_13/A13202.pdf
RM - Metropolitana de Santiago,Providencia,https://cdn.servel.cl/Padron_Definitivo2025/Region_13/A13123.pdf
RM - Metropolitana de Santiago,Pudahuel,https://cdn.servel.cl/Padron_Definitivo2025/Region_13/A13124.pdf
RM - Metropolitana de Santiago,Puente Alto,https://cdn.servel.cl/Padron_Definitivo2025/Region_13/A13201.pdf
RM - Metropolitana de Santiago,Quilicura,https://cdn.servel.cl/Padron_Definitivo2025/Region_13/A13125.pdf
RM - Metropolitana de Santiago,Quinta Normal,https://cdn.servel.cl/Padron_Definitivo2025/Region_13/A13126.pdf
RM - Metropolitana de Santiago,Recoleta,https://cdn.servel.cl/Padron_Definitivo2025/Region_13/A13127.pdf
RM - Metropolitana de Santiago,Renca,https://cdn.servel.cl/Padron_Definitivo2025/Region_13/A13128.pdf
RM - Metropolitana de Santiago,San Bernardo,https://cdn.servel.cl/Padron_Definitivo2025/Region_13/A13401.pdf
RM - Metropolitana de Santiago,San Joaquín,https://cdn.servel.cl/Padron_Definitivo2025/Region_13/A13129.pdf
RM - Metropolitana de Santiago,San José de Maipo,https://cdn.servel.cl/Padron_Definitivo2025/Region_13/A13203.pdf
RM - Metropolitana de Santiago,San Miguel,https://cdn.servel.cl/Padron_Definitivo2025/Region_13/A13130.pdf
RM - Metropolitana de Santiago,San Pedro,https://cdn.servel.cl/Padron_Definitivo2025/Region_13/A13505.pdf
RM - Metropolitana de Santiago,San Ramón,https://cdn.servel.cl/Padron_Definitivo2025/Region_13/A13131.pdf
RM - Metropolitana de Santiago,Santiago,https://cdn.servel.cl/Padron_Definitivo2025/Region_13/A13101.pdf
RM - Metropolitana de Santiago,Talagante,https://cdn.servel.cl/Padron_Definitivo2025/Region_13/A13601.pdf
RM - Metropolitana de Santiago,Tiltil,https://cdn.servel.cl/Padron_Definitivo2025/Region_13/A13303.pdf
RM - Metropolitana de Santiago,Vitacura,https://cdn.servel.cl/Padron_Definitivo2025/Region_13/A13132.pdf
VI - O'Higgins,Chépica,https://cdn.servel.cl/Padron_Definitivo2025/Region_06/A06302.pdf
VI - O'Higgins,Chimbarongo,https://cdn.servel.cl/Padron_Definitivo2025/Region_06/A06303.pdf
VI - O'Higgins,Codegua,https://cdn.servel.cl/Padron_Definitivo2025/Region_06/A06102.pdf
VI - O'Higgins,Coinco,https://cdn.servel.cl/Padron_Definitivo2025/Region_06/A06103.pdf
VI - O'Higgins,Coltauco,https://cdn.servel.cl/Padron_Definitivo2025/Region_06/A06104.pdf
VI - O'Higgins,Doñihue,https://cdn.servel.cl/Padron_Definitivo2025/Region_06/A06105.pdf
VI - O'Higgins,Graneros,https://cdn.servel.cl/Padron_Definitivo2025/Region_06/A06106.pdf
VI - O'Higgins,La Estrella,https://cdn.servel.cl/Padron_Definitivo2025/Region_06/A06202.pdf
VI - O'Higgins,Las Cabras,https://cdn.servel.cl/Padron_Definitivo2025/Region_06/A06107.pdf
VI - O'Higgins,Litueche,https://cdn.servel.cl/Padron_Definitivo2025/Region_06/A06203.pdf
VI - O'Higgins,Lolol,https://cdn.servel.cl/Padron_Definitivo2025/Region_06/A06304.pdf
VI - O'Higgins,Machalí,https://cdn.servel.cl/Padron_Definitivo2025/Region_06/A06108.pdf
VI - O'Higgins,Malloa,https://cdn.servel.cl/Padron_Definitivo2025/Region_06/A06109.pdf
VI - O'Higgins,Marchigue,https://cdn.servel.cl/Padron_Definitivo2025/Region_06/A06204.pdf
VI - O'Higgins,Mostazal,https://cdn.servel.cl/Padron_Definitivo2025/Region_06/A06110.pdf
VI - O'Higgins,Nancagua,https://cdn.servel.cl/Padron_Definitivo2025/Region_06/A06305.pdf
VI - O'Higgins,Navidad,https://cdn.servel.cl/Padron_Definitivo2025/Region_06/A06205.pdf
VI - O'Higgins,Olivar,https://cdn.servel.cl/Padron_Definitivo2025/Region_06/A06111.pdf
VI - O'Higgins,Palmilla,https://cdn.servel.cl/Padron_Definitivo2025/Region_06/A06306.pdf
VI - O'Higgins,Paredones,https://cdn.servel.cl/Padron_Definitivo2025/Region_06/A06206.pdf
VI - O'Higgins,Peralillo,https://cdn.servel.cl/Padron_Definitivo2025/Region_06/A06307.pdf
VI - O'Higgins,Peumo,https://cdn.servel.cl/Padron_Definitivo2025/Region_06/A06112.pdf
VI - O'Higgins,Pichidegua,https://cdn.servel.cl/Padron_Definitivo2025/Region_06/A06113.pdf
VI - O'Higgins,Pichilemu,https://cdn.servel.cl/Padron_Definitivo2025/Region_06/A06201.pdf
VI - O'Higgins,Placilla,https://cdn.servel.cl/Padron_Definitivo2025/Region_06/A06308.pdf
VI - O'Higgins,Pumanque,https://cdn.servel.cl/Padron_Definitivo2025/Region_06/A06309.pdf
VI - O'Higgins,Quinta De Tilcoco,https://cdn.servel.cl/Padron_Definitivo2025/Region_06/A06114.pdf
VI - O'Higgins,Rancagua,https://cdn.servel.cl/Padron_Definitivo2025/Region_06/A06101.pdf
VI - O'Higgins,Rengo,https://cdn.servel.cl/Padron_Definitivo2025/Region_06/A06115.pdf
VI - O'Higgins,Requínoa,https://cdn.servel.cl/Padron_Definitivo2025/Region_06/A06116.pdf
VI - O'Higgins,San Fernando,https://cdn.servel.cl/Padron_Definitivo2025/Region_06/A06301.pdf
VI - O'Higgins,San Vicente,https://cdn.servel.cl/Padron_Definitivo2025/Region_06/A06117.pdf
VI - O'Higgins,Santa Cruz,https://cdn.servel.cl/Padron_Definitivo2025/Region_06/A06310.pdf
VII - Maule,Cauquenes,https://cdn.servel.cl/Padron_Definitivo2025/Region_07/A07201.pdf
VII - Maule,Chanco,https://cdn.servel.cl/Padron_Definitivo2025/Region_07/A07202.pdf
VII - Maule,Colbún,https://cdn.servel.cl/Padron_Definitivo2025/Region_07/A07402.pdf
VII - Maule,Constitución,https://cdn.servel.cl/Padron_Definitivo2025/Region_07/A07102.pdf
VII - Maule,Curepto,https://cdn.servel.cl/Padron_Definitivo2025/Region_07/A07103.pdf
VII - Maule,Curicó,https://cdn.servel.cl/Padron_Definitivo2025/Region_07/A07301.pdf
VII - Maule,Empedrado,https://cdn.servel.cl/Padron_Definitivo2025/Region_07/A07104.pdf
VII - Maule,Hualañé,https://cdn.servel.cl/Padron_Definitivo2025/Region_07/A07302.pdf
VII - Maule,Licantén,https://cdn.servel.cl/Padron_Definitivo2025/Region_07/A07303.pdf
VII - Maule,Linares,https://cdn.servel.cl/Padron_Definitivo2025/Region_07/A07401.pdf
VII - Maule,Longaví,https://cdn.servel.cl/Padron_Definitivo2025/Region_07/A07403.pdf
VII - Maule,Maule,https://cdn.servel.cl/Padron_Definitivo2025/Region_07/A07105.pdf
VII - Maule,Molina,https://cdn.servel.cl/Padron_Definitivo2025/Region_07/A07304.pdf
VII - Maule,Parral,https://cdn.servel.cl/Padron_Definitivo2025/Region_07/A07404.pdf
VII - Maule,Pelarco,https://cdn.servel.cl/Padron_Definitivo2025/Region_07/A07106.pdf
VII - Maule,Pelluhue,https://cdn.servel.cl/Padron_Definitivo2025/Region_07/A07203.pdf
VII - Maule,Pencahue,https://cdn.servel.cl/Padron_Definitivo2025/Region_07/A07107.pdf
VII - Maule,Rauco,https://cdn.servel.cl/Padron_Definitivo2025/Region_07/A07305.pdf
VII - Maule,Retiro,https://cdn.servel.cl/Padron_Definitivo2025/Region_07/A07405.pdf
VII - Maule,Río Claro,https://cdn.servel.cl/Padron_Definitivo2025/Region_07/A07108.pdf
VII - Maule,Romeral,https://cdn.servel.cl/Padron_Definitivo2025/Region_07/A07306.pdf
VII - Maule,Sagrada Familia,https://cdn.servel.cl/Padron_Definitivo2025/Region_07/A07307.pdf
VII - Maule,San Clemente,https://cdn.servel.cl/Padron_Definitivo2025/Region_07/A07109.pdf
VII - Maule,San Javier,https://cdn.servel.cl/Padron_Definitivo2025/Region_07/A07406.pdf
VII - Maule,San Rafael,https://cdn.servel.cl/Padron_Definitivo2025/Region_07/A07110.pdf
VII - Maule,Talca,https://cdn.servel.cl/Padron_Definitivo2025/Region_07/A07101.pdf
VII - Maule,Teno,https://cdn.servel.cl/Padron_Definitivo2025/Region_07/A07308.pdf
VII - Maule,Vichuquén,https://cdn.servel.cl/Padron_Definitivo2025/Region_07/A07309.pdf
VII - Maule,Villa Alegre,https://cdn.servel.cl/Padron_Definitivo2025/Region_07/A07407.pdf
VII - Maule,Yerbas Buenas,https://cdn.servel.cl/Padron_Definitivo2025/Region_07/A07408.pdf
XVI - Ñuble,Bulnes,https://cdn.servel.cl/Padron_Definitivo2025/Region_16/A16102.pdf
XVI - Ñuble,Chillán,https://cdn.servel.cl/Padron_Definitivo2025/Region_16/A16101.pdf
XVI - Ñuble,Chillán Viejo,https://cdn.servel.cl/Padron_Definitivo2025/Region_16/A16103.pdf
XVI - Ñuble,Cobquecura,https://cdn.servel.cl/Padron_Definitivo2025/Region_16/A16202.pdf
XVI - Ñuble,Coelemu,https://cdn.servel.cl/Padron_Definitivo2025/Region_16/A16203.pdf
XVI - Ñuble,Coihueco,https://cdn.servel.cl/Padron_Definitivo2025/Region_16/A16302.pdf
XVI - Ñuble,El Carmen,https://cdn.servel.cl/Padron_Definitivo2025/Region_16/A16104.pdf
XVI - Ñuble,Ninhue,https://cdn.servel.cl/Padron_Definitivo2025/Region_16/A16204.pdf
XVI - Ñuble,Ñiquén,https://cdn.servel.cl/Padron_Definitivo2025/Region_16/A16303.pdf
XVI - Ñuble,Pemuco,https://cdn.servel.cl/Padron_Definitivo2025/Region_16/A16105.pdf
XVI - Ñuble,Pinto,https://cdn.servel.cl/Padron_Definitivo2025/Region_16/A16106.pdf
XVI - Ñuble,Portezuelo,https://cdn.servel.cl/Padron_Definitivo2025/Region_16/A16205.pdf
XVI - Ñuble,Quillón,https://cdn.servel.cl/Padron_Definitivo2025/Region_16/A16107.pdf
XVI - Ñuble,Quirihue,https://cdn.servel.cl/Padron_Definitivo2025/Region_16/A16201.pdf
XVI - Ñuble,Ránquil,https://cdn.servel.cl/Padron_Definitivo2025/Region_16/A16206.pdf
XVI - Ñuble,San Carlos,https://cdn.servel.cl/Padron_Definitivo2025/Region_16/A16301.pdf
XVI - Ñuble,San Fabián,https://cdn.servel.cl/Padron_Definitivo2025/Region_16/A16304.pdf
XVI - Ñuble,San Ignacio,https://cdn.servel.cl/Padron_Definitivo2025/Region_16/A16108.pdf
XVI - Ñuble,San Nicolás,https://cdn.servel.cl/Padron_Definitivo2025/Region_16/A16305.pdf
XVI - Ñuble,Trehuaco,https://cdn.servel.cl/Padron_Definitivo2025/Region_16/A16207.pdf
XVI - Ñuble,Yungay,https://cdn.servel.cl/Padron_Definitivo2025/Region_16/A16109.pdf
VIII - Biobío,Alto Biobío,https://cdn.servel.cl/Padron_Definitivo2025/Region_08/A08314.pdf
VIII - Biobío,Antuco,https://cdn.servel.cl/Padron_Definitivo2025/Region_08/A08302.pdf
VIII - Biobío,Arauco,https://cdn.servel.cl/Padron_Definitivo2025/Region_08/A08202.pdf
VIII - Biobío,Cabrero,https://cdn.servel.cl/Padron_Definitivo2025/Region_08/A08303.pdf
VIII - Biobío,Cañete,https://cdn.servel.cl/Padron_Definitivo2025/Region_08/A08203.pdf
VIII - Biobío,Chiguayante,https://cdn.servel.cl/Padron_Definitivo2025/Region_08/A08103.pdf
VIII - Biobío,Concepción,https://cdn.servel.cl/Padron_Definitivo2025/Region_08/A08101.pdf
VIII - Biobío,Contulmo,https://cdn.servel.cl/Padron_Definitivo2025/Region_08/A08204.pdf
VIII - Biobío,Coronel,https://cdn.servel.cl/Padron_Definitivo2025/Region_08/A08102.pdf
VIII - Biobío,Curanilahue,https://cdn.servel.cl/Padron_Definitivo2025/Region_08/A08205.pdf
VIII - Biobío,Florida,https://cdn.servel.cl/Padron_Definitivo2025/Region_08/A08104.pdf
VIII - Biobío,Hualpén,https://cdn.servel.cl/Padron_Definitivo2025/Region_08/A08112.pdf
VIII - Biobío,Hualqui,https://cdn.servel.cl/Padron_Definitivo2025/Region_08/A08105.pdf
VIII - Biobío,Laja,https://cdn.servel.cl/Padron_Definitivo2025/Region_08/A08304.pdf
VIII - Biobío,Lebu,https://cdn.servel.cl/Padron_Definitivo2025/Region_08/A08201.pdf
VIII - Biobío,Los Alamos,https://cdn.servel.cl/Padron_Definitivo2025/Region_08/A08206.pdf
VIII - Biobío,Los Angeles,https://cdn.servel.cl/Padron_Definitivo2025/Region_08/A08301.pdf
VIII - Biobío,Lota,https://cdn.servel.cl/Padron_Definitivo2025/Region_08/A08106.pdf
VIII - Biobío,Mulchén,https://cdn.servel.cl/Padron_Definitivo2025/Region_08/A08305.pdf
VIII - Biobío,Nacimiento,https://cdn.servel.cl/Padron_Definitivo2025/Region_08/A08306.pdf
VIII - Biobío,Negrete,https://cdn.servel.cl/Padron_Definitivo2025/Region_08/A08307.pdf
VIII - Biobío,Penco,https://cdn.servel.cl/Padron_Definitivo2025/Region_08/A08107.pdf
VIII - Biobío,Quilaco,https://cdn.servel.cl/Padron_Definitivo2025/Region_08/A08308.pdf
VIII - Biobío,Quilleco,https://cdn.servel.cl/Padron_Definitivo2025/Region_08/A08309.pdf
VIII - Biobío,San Pedro De La Paz,https://cdn.servel.cl/Padron_Definitivo2025/Region_08/A08108.pdf
VIII - Biobío,San Rosendo,https://cdn.servel.cl/Padron_Definitivo2025/Region_08/A08310.pdf
VIII - Biobío,Santa Bárbara,https://cdn.servel.cl/Padron_Definitivo2025/Region_08/A08311.pdf
VIII - Biobío,Santa Juana,https://cdn.servel.cl/Padron_Definitivo2025/Region_08/A08109.pdf
VIII - Biobío,Talcahuano,https://cdn.servel.cl/Padron_Definitivo2025/Region_08/A08110.pdf
VIII - Biobío,Tirúa,https://cdn.servel.cl/Padron_Definitivo2025/Region_08/A08207.pdf
VIII - Biobío,Tomé,https://cdn.servel.cl/Padron_Definitivo2025/Region_08/A08111.pdf
VIII - Biobío,Tucapel,https://cdn.servel.cl/Padron_Definitivo2025/Region_08/A08312.pdf
VIII - Biobío,Yumbel,https://cdn.servel.cl/Padron_Definitivo2025/Region_08/A08313.pdf
IX - La Araucanía,Angol,https://cdn.servel.cl/Padron_Definitivo2025/Region_09/A09201.pdf
IX - La Araucanía,Carahue,https://cdn.servel.cl/Padron_Definitivo2025/Region_09/A09102.pdf
IX - La Araucanía,Cholchol,https://cdn.servel.cl/Padron_Definitivo2025/Region_09/A09121.pdf
IX - La Araucanía,Collipulli,https://cdn.servel.cl/Padron_Definitivo2025/Region_09/A09202.pdf
IX - La Araucanía,Cunco,https://cdn.servel.cl/Padron_Definitivo2025/Region_09/A09103.pdf
IX - La Araucanía,Curacautín,https://cdn.servel.cl/Padron_Definitivo2025/Region_09/A09203.pdf
IX - La Araucanía,Curarrehue,https://cdn.servel.cl/Padron_Definitivo2025/Region_09/A09104.pdf
IX - La Araucanía,Ercilla,https://cdn.servel.cl/Padron_Definitivo2025/Region_09/A09204.pdf
IX - La Araucanía,Freire,https://cdn.servel.cl/Padron_Definitivo2025/Region_09/A09105.pdf
IX - La Araucanía,Galvarino,https://cdn.servel.cl/Padron_Definitivo2025/Region_09/A09106.pdf
IX - La Araucanía,Gorbea,https://cdn.servel.cl/Padron_Definitivo2025/Region_09/A09107.pdf
IX - La Araucanía,Lautaro,https://cdn.servel.cl/Padron_Definitivo2025/Region_09/A09108.pdf
IX - La Araucanía,Loncoche,https://cdn.servel.cl/Padron_Definitivo2025/Region_09/A09109.pdf
IX - La Araucanía,Lonquimay,https://cdn.servel.cl/Padron_Definitivo2025/Region_09/A09205.pdf
IX - La Araucanía,Los Sauces,https://cdn.servel.cl/Padron_Definitivo2025/Region_09/A09206.pdf
IX - La Araucanía,Lumaco,https://cdn.servel.cl/Padron_Definitivo2025/Region_09/A09207.pdf
IX - La Araucanía,Melipeuco,https://cdn.servel.cl/Padron_Definitivo2025/Region_09/A09110.pdf
IX - La Araucanía,Nueva Imperial,https://cdn.servel.cl/Padron_Definitivo2025/Region_09/A09111.pdf
IX - La Araucanía,Padre Las Casas,https://cdn.servel.cl/Padron_Definitivo2025/Region_09/A09112.pdf
IX - La Araucanía,Perquenco,https://cdn.servel.cl/Padron_Definitivo2025/Region_09/A09113.pdf
IX - La Araucanía,Pitrufquén,https://cdn.servel.cl/Padron_Definitivo2025/Region_09/A09114.pdf
IX - La Araucanía,Pucón,https://cdn.servel.cl/Padron_Definitivo2025/Region_09/A09115.pdf
IX - La Araucanía,Purén,https://cdn.servel.cl/Padron_Definitivo2025/Region_09/A09208.pdf
IX - La Araucanía,Renaico,https://cdn.servel.cl/Padron_Definitivo2025/Region_09/A09209.pdf
IX - La Araucanía,Saavedra,https://cdn.servel.cl/Padron_Definitivo2025/Region_09/A09116.pdf
IX - La Araucanía,Temuco,https://cdn.servel.cl/Padron_Definitivo2025/Region_09/A09101.pdf
IX - La Araucanía,Teodoro Schmidt,https://cdn.servel.cl/Padron_Definitivo2025/Region_09/A09117.pdf
IX - La Araucanía,Toltén,https://cdn.servel.cl/Padron_Definitivo2025/Region_09/A09118.pdf
IX - La Araucanía,Traiguén,https://cdn.servel.cl/Padron_Definitivo2025/Region_09/A09210.pdf
IX - La Araucanía,Victoria,https://cdn.servel.cl/Padron_Definitivo2025/Region_09/A09211.pdf
IX - La Araucanía,Vilcún,https://cdn.servel.cl/Padron_Definitivo2025/Region_09/A09119.pdf
IX - La Araucanía,Villarrica,https://cdn.servel.cl/Padron_Definitivo2025/Region_09/A09120.pdf
XIV - Los Ríos,Corral,https://cdn.servel.cl/Padron_Definitivo2025/Region_14/A14102.pdf
XIV - Los Ríos,Futrono,https://cdn.servel.cl/Padron_Definitivo2025/Region_14/A14202.pdf
XIV - Los Ríos,La Unión,https://cdn.servel.cl/Padron_Definitivo2025/Region_14/A14201.pdf
XIV - Los Ríos,Lago Ranco,https://cdn.servel.cl/Padron_Definitivo2025/Region_14/A14203.pdf
XIV - Los Ríos,Lanco,https://cdn.servel.cl/Padron_Definitivo2025/Region_14/A14103.pdf
XIV - Los Ríos,Los Lagos,https://cdn.servel.cl/Padron_Definitivo2025/Region_14/A14104.pdf
XIV - Los Ríos,Máfil,https://cdn.servel.cl/Padron_Definitivo2025/Region_14/A14105.pdf
XIV - Los Ríos,Mariquina,https://cdn.servel.cl/Padron_Definitivo2025/Region_14/A14106.pdf
XIV - Los Ríos,Paillaco,https://cdn.servel.cl/Padron_Definitivo2025/Region_14/A14107.pdf
XIV - Los Ríos,Panguipulli,https://cdn.servel.cl/Padron_Definitivo2025/Region_14/A14108.pdf
XIV - Los Ríos,Río Bueno,https://cdn.servel.cl/Padron_Definitivo2025/Region_14/A14204.pdf
XIV - Los Ríos,Valdivia,https://cdn.servel.cl/Padron_Definitivo2025/Region_14/A14101.pdf
X - Los Lagos,Ancud,https://cdn.servel.cl/Padron_Definitivo2025/Region_10/A10202.pdf
X - Los Lagos,Calbuco,https://cdn.servel.cl/Padron_Definitivo2025/Region_10/A10102.pdf
X - Los Lagos,Castro,https://cdn.servel.cl/Padron_Definitivo2025/Region_10/A10201.pdf
X - Los Lagos,Chaitén,https://cdn.servel.cl/Padron_Definitivo2025/Region_10/A10401.pdf
X - Los Lagos,Chonchi,https://cdn.servel.cl/Padron_Definitivo2025/Region_10/A10203.pdf
X - Los Lagos,Cochamó,https://cdn.servel.cl/Padron_Definitivo2025/Region_10/A10103.pdf
X - Los Lagos,Curaco de Vélez,https://cdn.servel.cl/Padron_Definitivo2025/Region_10/A10204.pdf
X - Los Lagos,Dalcahue,https://cdn.servel.cl/Padron_Definitivo2025/Region_10/A10205.pdf
X - Los Lagos,Fresia,https://cdn.servel.cl/Padron_Definitivo2025/Region_10/A10104.pdf
X - Los Lagos,Frutillar,https://cdn.servel.cl/Padron_Definitivo2025/Region_10/A10105.pdf
X - Los Lagos,Futaleufú,https://cdn.servel.cl/Padron_Definitivo2025/Region_10/A10402.pdf
X - Los Lagos,Hualaihué,https://cdn.servel.cl/Padron_Definitivo2025/Region_10/A10403.pdf
X - Los Lagos,Llanquihue,https://cdn.servel.cl/Padron_Definitivo2025/Region_10/A10107.pdf
X - Los Lagos,Los Muermos,https://cdn.servel.cl/Padron_Definitivo2025/Region_10/A10106.pdf
X - Los Lagos,Maullín,https://cdn.servel.cl/Padron_Definitivo2025/Region_10/A10108.pdf
X - Los Lagos,Osorno,https://cdn.servel.cl/Padron_Definitivo2025/Region_10/A10301.pdf
X - Los Lagos,Palena,https://cdn.servel.cl/Padron_Definitivo2025/Region_10/A10404.pdf
X - Los Lagos,Puerto Montt,https://cdn.servel.cl/Padron_Definitivo2025/Region_10/A10101.pdf
X - Los Lagos,Puerto Octay,https://cdn.servel.cl/Padron_Definitivo2025/Region_10/A10302.pdf
X - Los Lagos,Puerto Varas,https://cdn.servel.cl/Padron_Definitivo2025/Region_10/A10109.pdf
X - Los Lagos,Puqueldón,https://cdn.servel.cl/Padron_Definitivo2025/Region_10/A10206.pdf
X - Los Lagos,Purranque,https://cdn.servel.cl/Padron_Definitivo2025/Region_10/A10303.pdf
X - Los Lagos,Puyehue,https://cdn.servel.cl/Padron_Definitivo2025/Region_10/A10304.pdf
X - Los Lagos,Queilén,https://cdn.servel.cl/Padron_Definitivo2025/Region_10/A10207.pdf
X - Los Lagos,Quellón,https://cdn.servel.cl/Padron_Definitivo2025/Region_10/A10208.pdf
X - Los Lagos,Quemchi,https://cdn.servel.cl/Padron_Definitivo2025/Region_10/A10209.pdf
X - Los Lagos,Quinchao,https://cdn.servel.cl/Padron_Definitivo2025/Region_10/A10210.pdf
X - Los Lagos,Río Negro,https://cdn.servel.cl/Padron_Definitivo2025/Region_10/A10305.pdf
X - Los Lagos,San Juan De La Costa,https://cdn.servel.cl/Padron_Definitivo2025/Region_10/A10306.pdf
X - Los Lagos,San Pablo,https://cdn.servel.cl/Padron_Definitivo2025/Region_10/A10307.pdf
XI - Aysén,Aysén,https://cdn.servel.cl/Padron_Definitivo2025/Region_11/A11201.pdf
XI - Aysén,Chile Chico,https://cdn.servel.cl/Padron_Definitivo2025/Region_11/A11401.pdf
XI - Aysén,Cisnes,https://cdn.servel.cl/Padron_Definitivo2025/Region_11/A11202.pdf
XI - Aysén,Cochrane,https://cdn.servel.cl/Padron_Definitivo2025/Region_11/A11301.pdf
XI - Aysén,Coyhaique,https://cdn.servel.cl/Padron_Definitivo2025/Region_11/A11101.pdf
XI - Aysén,Guaitecas,https://cdn.servel.cl/Padron_Definitivo2025/Region_11/A11203.pdf
XI - Aysén,Lago Verde,https://cdn.servel.cl/Padron_Definitivo2025/Region_11/A11102.pdf
XI - Aysén,O'Higgins,https://cdn.servel.cl/Padron_Definitivo2025/Region_11/A11302.pdf
XI - Aysén,Río Ibáñez,https://cdn.servel.cl/Padron_Definitivo2025/Region_11/A11402.pdf
XI - Aysén,Tortel,https://cdn.servel.cl/Padron_Definitivo2025/Region_11/A11303.pdf
XII - Magallanes,Antártica,https://cdn.servel.cl/Padron_Definitivo2025/Region_12/A12202.pdf
XII - Magallanes,Cabo de Hornos,https://cdn.servel.cl/Padron_Definitivo2025/Region_12/A12201.pdf
XII - Magallanes,Laguna Blanca,https://cdn.servel.cl/Padron_Definitivo2025/Region_12/A12102.pdf
XII - Magallanes,Natales,https://cdn.servel.cl/Padron_Definitivo2025/Region_12/A12401.pdf
XII - Magallanes,Porvenir,https://cdn.servel.cl/Padron_Definitivo2025/Region_12/A12301.pdf
XII - Magallanes,Primavera,https://cdn.servel.cl/Padron_Definitivo2025/Region_12/A12302.pdf
XII - Magallanes,Punta Arenas,https://cdn.servel.cl/Padron_Definitivo2025/Region_12/A12101.pdf
XII - Magallanes,Río Verde,https://cdn.servel.cl/Padron_Definitivo2025/Region_12/A12103.pdf
XII - Magallanes,San Gregorio,https://cdn.servel.cl/Padron_Definitivo2025/Region_12/A12104.pdf
XII - Magallanes,Timaukel,https://cdn.servel.cl/Padron_Definitivo2025/Region_12/A12303.pdf
XII - Magallanes,Torres Del Paine,https://cdn.servel.cl/Padron_Definitivo2025/Region_12/A12402.pdf
